Vuelo de salida,Destino,Hora de Salida
XN 1432,Guadalajara,10/07/2025 10:30
VB 7378,Monterrey,10/07/2025 06:00
VB 2281,Cancun,10/07/2025 06:15
XN 1140,Ciudad Victoria,10/07/2025 08:00
Y4 7110,Merida,10/07/2025 06:58
VB 9520,Guadalajara,10/07/2025 06:00
VB 842,Jose Marti ,10/07/2025 06:35
M7 6844,Los Angeles,10/07/2025 01:35
VB 9214,Oaxaca,10/07/2025 07:30
E7 610,San Luis Potosi,10/07/2025 01:00
EK 9919,Quito,10/07/2025 05:20
Y4 3297,Tijuana,10/07/2025 01:45
XN 1780,Tulum,10/07/2025 10:00
WH 903,Panama City,10/07/2025 05:22
E7 615,Merida,10/07/2025 05:30
VB 9222,Puerto Escondido,10/07/2025 06:35
ET 3516,Bogota,10/07/2025 08:00
5X 321,Louisville,10/07/2025 19:38
VB 7240,Tulum,10/07/2025 08:00
VB 7344,Chihuahua,10/07/2025 08:00
VB 2273,Cancun,10/07/2025 08:30
AM 592,Tulum,10/07/2025 08:09
AM 2436,Colima,10/07/2025 08:14
VB 7350,Puerto Vallarta,10/07/2025 08:35
VB 7332,Villahermosa,10/07/2025 08:30
Y4 3533,Cancun,10/07/2025 08:39
W8 951,Cincinnati,10/07/2025 20:00
CV 5164,Guadalajara,10/07/2025 10:10
DM 7105,Punta Cana,10/07/2025 10:06
VB 5069,Tijuana,10/07/2025 10:20
VB 9294,Huatulco,10/07/2025 10:40
CA 3126,Los Angeles,10/07/2025 12:40
VB 7428,Tuxtla Gutierrez,10/07/2025 11:05
AC 7309,Montreal,10/07/2025 12:30
VB 9428,Tepic,10/07/2025 11:10
W8 919,Guadalajara,10/07/2025 16:40
VB 7442,Cancun,10/07/2025 11:20
XN 1922,Palenque,10/07/2025 11:50
AM 2782,Mcallen Mission,10/07/2025 12:18
AM 878,Merida,10/07/2025 11:57
VB 7438,Cancun,10/07/2025 12:10
VB 7416,Culiacan,10/07/2025 12:20
ZV 240,Poza Rica,10/07/2025 12:20
AM 596,Cancun,10/07/2025 15:45
VB 7446,Tulum,10/07/2025 12:50
VB 7333,Monterrey,10/07/2025 12:40
VB 7351,Merida,10/07/2025 13:00
CX 087,Anchorage,10/07/2025 14:30
---,Pernocta,---
ZV 340,San Luis Potosi,10/07/2025 13:15
VB 7241,Guadalajara,10/07/2025 13:25
AM 880,Puerto Vallarta,10/07/2025 13:50
VB 7345,Bajio ,10/07/2025 13:45
M7 8741,Quito,10/07/2025 19:50
M7 6441,Lima,10/07/2025 16:25
VB 9386,Reynosa,10/07/2025 14:40
Y4 7170,La Paz,10/07/2025 14:42
VB 9404,Monterrey,10/07/2025 14:50
L3 5217,Guatemala City,10/07/2025 15:50
XN 1762,Merida,10/07/2025 15:35
VB 9462,Chetumal,10/07/2025 15:35
VB 9452,Nuevo Laredo,10/07/2025 15:40
VB 7429,Tijuana,10/07/2025 15:50
5Y 346,Quito,10/07/2025 18:25
XN 1204,Tijuana,10/07/2025 19:40
Y4 3535,Cancun,10/07/2025 17:34
LH 8225,Guadalajara,10/07/2025 18:40
AM 2780,Houston,10/07/2025 17:05
VB 7371,La Paz,10/07/2025 17:15
AM 2042,Oaxaca,10/07/2025 17:45
VB 7443,San Jose Del Cabo,10/07/2025 17:20
VB 7417,Cancun,10/07/2025 17:45
CZ 2590,Shanghai,10/07/2025 20:05
AM 872,Veracruz,10/07/2025 18:05
XN 1260,Mazatlan,11/07/2025 08:35
VB 7294,Ixtapa Zihuatanejo,10/07/2025 18:05
VB 7439,Ciudad Juarez,10/07/2025 18:15
VB 770,Bogota,10/07/2025 19:15
VB 7447,Hermosillo,10/07/2025 18:35
VB 7282,Puerto Escondido,10/07/2025 18:50
VB 9406,Monterrey,10/07/2025 18:40
VB 7304,Tampico,10/07/2025 19:00
VB 9522,Guadalajara,10/07/2025 20:30
Y4 1293,Guadalajara,10/07/2025 21:09
6R 7089,San Jose,10/07/2025 21:32
XN 1440,Puerto Vallarta,11/07/2025 08:45
AM 998,Monterrey,10/07/2025 20:34
VB 5067,Tijuana,10/07/2025 21:35
VB 2279,Cancun,10/07/2025 20:50
CV 6694,Guadalajara,10/07/2025 23:20
AM 2600,Durango,10/07/2025 21:20
AM 284,Guadalajara,10/07/2025 21:25
VB 7295,Monterrey,10/07/2025 21:30
DM 4103,Santo Domingo,10/07/2025 22:05
VB 7305,Guadalajara,10/07/2025 22:30
VB 7283,Merida,10/07/2025 22:55
Y4 7110,Merida,11/07/2025 06:58
VB 9520,Guadalajara,11/07/2025 06:00
VB 9410,Merida,11/07/2025 06:00
VB 7382,Monterrey,11/07/2025 06:00
VB 9532,Matamoros,11/07/2025 06:35
